dataset,max_data_num,gamma,tau,value
FLAN,3200,3,1,0.4484135700329699
FLAN,6400,3,1,0.4894151116974559
FLAN,12800,3,1,0.5800165524958782
FLAN,25600,3,1,0.5858638882263185
FLAN,51200,3,1,0.7516101406792229
FLAN,102400,3,1,0.8334409511808201
FLAN,204800,3,1,0.965429402667432
FLAN,3200,3,2,0.4657714706880259
FLAN,6400,3,2,0.499960975440834
FLAN,12800,3,2,0.5482954181407276
FLAN,25600,3,2,0.5912719669014608
FLAN,51200,3,2,0.765764718698464
FLAN,102400,3,2,0.850198369450447
FLAN,204800,3,2,0.9458757676905906
FLAN,3200,3,3,0.4396068746055183
FLAN,6400,3,3,0.4851870161949445
FLAN,12800,3,3,0.5526081295515424
FLAN,25600,3,3,0.6275975387903985
FLAN,51200,3,3,0.7428051293578842
FLAN,102400,3,3,0.8330631695609241
FLAN,204800,3,3,0.9165841642784908
FLAN,3200,3,4,0.466365112429177
FLAN,6400,3,4,0.5307284784979627
FLAN,12800,3,4,0.5475048489643177
FLAN,25600,3,4,0.6129946021674272
FLAN,51200,3,4,0.6996525741440469
FLAN,102400,3,4,0.8277233234879471
FLAN,204800,3,4,0.9396755143989688
FLAN,3200,3,5,0.4565059288567438
FLAN,6400,3,5,0.5080694150767108
FLAN,12800,3,5,0.5369043072219069
FLAN,25600,3,5,0.6302923297482259
FLAN,51200,3,5,0.6751346564258744
FLAN,102400,3,5,0.7270404561099301
FLAN,204800,3,5,0.8908073047855392
FLAN,3200,4,1,0.4328009259191853
FLAN,6400,4,1,0.513630837424321
FLAN,12800,4,1,0.5458284836190632
FLAN,25600,4,1,0.6390510119428546
FLAN,51200,4,1,0.6663552232309863
FLAN,102400,4,1,0.8084820479219383
FLAN,204800,4,1,0.9219605773009376
FLAN,3200,4,2,0.4000953018801499
FLAN,6400,4,2,0.5137659647157172
FLAN,12800,4,2,0.5233043933740729
FLAN,25600,4,2,0.6016923434987169
FLAN,51200,4,2,0.7213965145722742
FLAN,102400,4,2,0.8184904672454896
FLAN,204800,4,2,0.9180848348325852
FLAN,3200,4,3,0.4266895331029308
FLAN,6400,4,3,0.4968904078587551
FLAN,12800,4,3,0.4960485407596003
FLAN,25600,4,3,0.5769281941398063
FLAN,51200,4,3,0.6398527546295332
FLAN,102400,4,3,0.7854947607746569
FLAN,204800,4,3,0.8994766600566264
FLAN,3200,4,4,0.4263350621423093
FLAN,6400,4,4,0.4889114596029904
FLAN,12800,4,4,0.5311908408192043
FLAN,25600,4,4,0.5403749909175358
FLAN,51200,4,4,0.612169293018841
FLAN,102400,4,4,0.6832684890945971
FLAN,204800,4,4,0.8809511403082783
FLAN,3200,4,5,0.3974426978134636
FLAN,6400,4,5,0.4814027790104215
FLAN,12800,4,5,0.5037236596859979
FLAN,25600,4,5,0.5664303889676403
FLAN,51200,4,5,0.558799106102461
FLAN,102400,4,5,0.6234279307780883
FLAN,204800,4,5,0.8032379447755954
FLAN,3200,5,1,0.3987288570945458
FLAN,6400,5,1,0.427454674987979
FLAN,12800,5,1,0.5172272570292696
FLAN,25600,5,1,0.5926904190824268
FLAN,51200,5,1,0.6975365501642142
FLAN,102400,5,1,0.7707609823672593
FLAN,204800,5,1,0.8756189965124082
FLAN,3200,5,2,0.3987282260580154
FLAN,6400,5,2,0.4231988854053566
FLAN,12800,5,2,0.5108353525552112
FLAN,25600,5,2,0.6021507131456838
FLAN,51200,5,2,0.6460973084530979
FLAN,102400,5,2,0.740591789265501
FLAN,204800,5,2,0.864568408461455
FLAN,3200,5,3,0.3612057978870004
FLAN,6400,5,3,0.4496188147314545
FLAN,12800,5,3,0.5060085099728066
FLAN,25600,5,3,0.5351293368923606
FLAN,51200,5,3,0.6567827456242399
FLAN,102400,5,3,0.7390490898303885
FLAN,204800,5,3,0.8519224757368072
FLAN,3200,5,4,0.345028059297413
FLAN,6400,5,4,0.4579266249008407
FLAN,12800,5,4,0.5048543187349571
FLAN,25600,5,4,0.5555345297500394
FLAN,51200,5,4,0.6093782890005207
FLAN,102400,5,4,0.5982685502035731
FLAN,204800,5,4,0.7287950971971454
FLAN,3200,5,5,0.4031672682217775
FLAN,6400,5,5,0.4733425583748684
FLAN,12800,5,5,0.4747973615624448
FLAN,25600,5,5,0.5423088354129318
FLAN,51200,5,5,0.6080118386994252
FLAN,102400,5,5,0.5848284098834047
FLAN,204800,5,5,0.683735508506086
GIGAWORD,3200,3,1,0.8945238068634822
GIGAWORD,6400,3,1,0.9071150373944324
GIGAWORD,12800,3,1,0.822981385072923
GIGAWORD,25600,3,1,0.8253981044648493
GIGAWORD,51200,3,1,0.9483751789529352
GIGAWORD,102400,3,1,0.992340237289253
GIGAWORD,204800,3,1,0.979650852577834
GIGAWORD,3200,3,2,0.941856949915508
GIGAWORD,6400,3,2,0.884931850243385
GIGAWORD,12800,3,2,0.846447259736692
GIGAWORD,25600,3,2,0.848985956574432
GIGAWORD,51200,3,2,0.9773790911509356
GIGAWORD,102400,3,2,0.9639202624750032
GIGAWORD,204800,3,2,1.0040016571146246
GIGAWORD,3200,3,3,0.9232252467180976
GIGAWORD,6400,3,3,0.8742516079894165
GIGAWORD,12800,3,3,0.8882166994764381
GIGAWORD,25600,3,3,0.923838151493524
GIGAWORD,51200,3,3,0.9456260126994156
GIGAWORD,102400,3,3,0.9755198459532304
GIGAWORD,204800,3,3,0.9997006287973546
GIGAWORD,3200,3,4,0.8853917842784136
GIGAWORD,6400,3,4,0.8795318922213569
GIGAWORD,12800,3,4,0.9247295444849972
GIGAWORD,25600,3,4,0.9430628330780064
GIGAWORD,51200,3,4,0.9612474768295068
GIGAWORD,102400,3,4,0.9747418164419532
GIGAWORD,204800,3,4,1.0097447208664676
GIGAWORD,3200,3,5,0.9001271126828909
GIGAWORD,6400,3,5,0.8830291162460231
GIGAWORD,12800,3,5,0.8980497441312729
GIGAWORD,25600,3,5,0.935204232912992
GIGAWORD,51200,3,5,0.9801284958380864
GIGAWORD,102400,3,5,0.988829986510199
GIGAWORD,204800,3,5,1.0115111267641497
GIGAWORD,3200,4,1,0.894624550876258
GIGAWORD,6400,4,1,0.9184698617063554
GIGAWORD,12800,4,1,0.8754304543268088
GIGAWORD,25600,4,1,0.8924341463246022
GIGAWORD,51200,4,1,0.9483272257365768
GIGAWORD,102400,4,1,0.9732813646794582
GIGAWORD,204800,4,1,0.954623955650736
GIGAWORD,3200,4,2,0.9116414542868114
GIGAWORD,6400,4,2,0.9018436901651228
GIGAWORD,12800,4,2,0.8889098371181686
GIGAWORD,25600,4,2,0.8951740852763919
GIGAWORD,51200,4,2,0.918795882146914
GIGAWORD,102400,4,2,0.989950964744624
GIGAWORD,204800,4,2,1.004432728596585
GIGAWORD,3200,4,3,0.8905662287865923
GIGAWORD,6400,4,3,0.9371771512615388
GIGAWORD,12800,4,3,0.9198281888736988
GIGAWORD,25600,4,3,0.9254208366592755
GIGAWORD,51200,4,3,0.923914124110999
GIGAWORD,102400,4,3,0.958381022101164
GIGAWORD,204800,4,3,0.9697451555405618
GIGAWORD,3200,4,4,0.887686456337505
GIGAWORD,6400,4,4,0.8907109134948905
GIGAWORD,12800,4,4,0.9028730929024692
GIGAWORD,25600,4,4,0.9310630469616736
GIGAWORD,51200,4,4,0.9270906863672824
GIGAWORD,102400,4,4,0.9830604156095198
GIGAWORD,204800,4,4,0.945500319599482
GIGAWORD,3200,4,5,0.8824558240381905
GIGAWORD,6400,4,5,0.8831489124545056
GIGAWORD,12800,4,5,0.9240669783752018
GIGAWORD,25600,4,5,0.8843041847991375
GIGAWORD,51200,4,5,0.90535583609589
GIGAWORD,102400,4,5,0.9977713734273728
GIGAWORD,204800,4,5,0.998424287279029
GIGAWORD,3200,5,1,0.8864757820538449
GIGAWORD,6400,5,1,0.9186194669967304
GIGAWORD,12800,5,1,0.9147009219756864
GIGAWORD,25600,5,1,0.8873333345390009
GIGAWORD,51200,5,1,0.900923902512411
GIGAWORD,102400,5,1,0.9533144579956092
GIGAWORD,204800,5,1,0.9642160933995472
GIGAWORD,3200,5,2,0.8878433934849209
GIGAWORD,6400,5,2,0.9170886165603392
GIGAWORD,12800,5,2,0.922029018964126
GIGAWORD,25600,5,2,0.8892936342060953
GIGAWORD,51200,5,2,0.9520740276436624
GIGAWORD,102400,5,2,0.9407288176261251
GIGAWORD,204800,5,2,0.983487921578758
GIGAWORD,3200,5,3,0.868977390035764
GIGAWORD,6400,5,3,0.8748873812117602
GIGAWORD,12800,5,3,0.8930454706949528
GIGAWORD,25600,5,3,0.9175950344083766
GIGAWORD,51200,5,3,0.8969522520821259
GIGAWORD,102400,5,3,0.97319933261898
GIGAWORD,204800,5,3,1.0022605618025315
GIGAWORD,3200,5,4,0.8873536062276359
GIGAWORD,6400,5,4,0.9012739245981496
GIGAWORD,12800,5,4,0.8814416507211971
GIGAWORD,25600,5,4,0.9252371050059178
GIGAWORD,51200,5,4,0.9189805861224148
GIGAWORD,102400,5,4,0.957515232256834
GIGAWORD,204800,5,4,0.9604838169642236
GIGAWORD,3200,5,5,0.8620802435466479
GIGAWORD,6400,5,5,0.8892657078032368
GIGAWORD,12800,5,5,0.8635975035388499
GIGAWORD,25600,5,5,0.931714402520128
GIGAWORD,51200,5,5,0.959301548292424
GIGAWORD,102400,5,5,0.9263462524200834
GIGAWORD,204800,5,5,0.9777963030921374
WMT19,3200,3,1,0.6206159476216945
WMT19,6400,3,1,0.7402101725343316
WMT19,12800,3,1,0.8204418967574492
WMT19,25600,3,1,0.9327450424530096
WMT19,51200,3,1,0.9938039040473896
WMT19,102400,3,1,0.98835087609233
WMT19,204800,3,1,0.9733265731376428
WMT19,3200,3,2,0.6161942854220225
WMT19,6400,3,2,0.7194299982614046
WMT19,12800,3,2,0.8503162893595646
WMT19,25600,3,2,0.9207105821426166
WMT19,51200,3,2,0.9761805635107246
WMT19,102400,3,2,0.9573490416840428
WMT19,204800,3,2,0.9672374750582614
WMT19,3200,3,3,0.6364487673696939
WMT19,6400,3,3,0.7081288540683391
WMT19,12800,3,3,0.8138740214615054
WMT19,25600,3,3,0.9149036099353164
WMT19,51200,3,3,0.9793354236085852
WMT19,102400,3,3,1.006318007741307
WMT19,204800,3,3,0.9566889381027618
WMT19,3200,3,4,0.6166752759848895
WMT19,6400,3,4,0.7218752387153896
WMT19,12800,3,4,0.8041896465514284
WMT19,25600,3,4,0.9021495123719852
WMT19,51200,3,4,0.9538735192951462
WMT19,102400,3,4,0.9590808127994748
WMT19,204800,3,4,1.0039517252789754
WMT19,3200,3,5,0.6348553406658
WMT19,6400,3,5,0.7619562406296846
WMT19,12800,3,5,0.7917583592858908
WMT19,25600,3,5,0.848155196647139
WMT19,51200,3,5,0.9534805277628828
WMT19,102400,3,5,0.9843743900559696
WMT19,204800,3,5,0.98468265800917
WMT19,3200,4,1,0.5959826703850158
WMT19,6400,4,1,0.7270687864335225
WMT19,12800,4,1,0.788660991990322
WMT19,25600,4,1,0.9368776359667316
WMT19,51200,4,1,1.0015427712101954
WMT19,102400,4,1,0.9836925176393928
WMT19,204800,4,1,1.0014165512598532
WMT19,3200,4,2,0.5889660717071593
WMT19,6400,4,2,0.6913269905130743
WMT19,12800,4,2,0.811796788222797
WMT19,25600,4,2,0.8884391684225367
WMT19,51200,4,2,0.9812944337058672
WMT19,102400,4,2,0.9650132083116504
WMT19,204800,4,2,0.962564937590684
WMT19,3200,4,3,0.5722068099296812
WMT19,6400,4,3,0.6816269012326955
WMT19,12800,4,3,0.8112835090096346
WMT19,25600,4,3,0.8746451412753697
WMT19,51200,4,3,0.9797077235025846
WMT19,102400,4,3,1.014188022520056
WMT19,204800,4,3,0.9855987679315996
WMT19,3200,4,4,0.5913043989762413
WMT19,6400,4,4,0.7066855605961765
WMT19,12800,4,4,0.7533614747633761
WMT19,25600,4,4,0.8391123348290479
WMT19,51200,4,4,0.9319299759810888
WMT19,102400,4,4,0.9765357941551626
WMT19,204800,4,4,0.9798282093082746
WMT19,3200,4,5,0.5750735051603035
WMT19,6400,4,5,0.6857802735792388
WMT19,12800,4,5,0.7097573877368193
WMT19,25600,4,5,0.8256971074786673
WMT19,51200,4,5,0.917308165446926
WMT19,102400,4,5,0.9723360547890666
WMT19,204800,4,5,1.0097640784738953
WMT19,3200,5,1,0.5429572888969068
WMT19,6400,5,1,0.6324169044635927
WMT19,12800,5,1,0.7400256321061034
WMT19,25600,5,1,0.8904515949988013
WMT19,51200,5,1,0.9565402961757716
WMT19,102400,5,1,0.954621167922584
WMT19,204800,5,1,0.9804722127612452
WMT19,3200,5,2,0.5857547367496437
WMT19,6400,5,2,0.6915643857659409
WMT19,12800,5,2,0.7788771286895071
WMT19,25600,5,2,0.8793338628579155
WMT19,51200,5,2,0.9425342320496752
WMT19,102400,5,2,0.9756160153976282
WMT19,204800,5,2,1.018131312006015
WMT19,3200,5,3,0.5709251486856598
WMT19,6400,5,3,0.6448523353716104
WMT19,12800,5,3,0.7371960892106316
WMT19,25600,5,3,0.8728016625401469
WMT19,51200,5,3,0.900796430247012
WMT19,102400,5,3,0.997755125878826
WMT19,204800,5,3,0.9807150728894992
WMT19,3200,5,4,0.5297705258783042
WMT19,6400,5,4,0.6494358181540282
WMT19,12800,5,4,0.7465270487879277
WMT19,25600,5,4,0.8338246217888262
WMT19,51200,5,4,0.9117345516902956
WMT19,102400,5,4,0.99234327940165
WMT19,204800,5,4,0.9607006908953236
WMT19,3200,5,5,0.5511955980378932
WMT19,6400,5,5,0.6574103130947924
WMT19,12800,5,5,0.7472039964535809
WMT19,25600,5,5,0.8149492137456136
WMT19,51200,5,5,0.902669645787075
WMT19,102400,5,5,0.9116255341731548
WMT19,204800,5,5,0.958541359503941
Wikitext,3200,3,1,0.6138767449501097
Wikitext,6400,3,1,0.7317814397536568
Wikitext,12800,3,1,0.8022105095963918
Wikitext,25600,3,1,0.9251654190766933
Wikitext,51200,3,1,0.9805125387139688
Wikitext,102400,3,1,0.9540731257819308
Wikitext,204800,3,1,0.9785241676731852
Wikitext,3200,3,2,0.6492825240028053
Wikitext,6400,3,2,0.7428142936545267
Wikitext,12800,3,2,0.8466022990603903
Wikitext,25600,3,2,0.9642530863503812
Wikitext,51200,3,2,1.0022206099732325
Wikitext,102400,3,2,0.9630234274284972
Wikitext,204800,3,2,0.9702722192359872
Wikitext,3200,3,3,0.6283770927015113
Wikitext,6400,3,3,0.7355603274540687
Wikitext,12800,3,3,0.8171201507700558
Wikitext,25600,3,3,0.8734703840362646
Wikitext,51200,3,3,0.9615226186056298
Wikitext,102400,3,3,1.0067198153766113
Wikitext,204800,3,3,0.999826272436749
Wikitext,3200,3,4,0.5997507905329219
Wikitext,6400,3,4,0.7296385257696782
Wikitext,12800,3,4,0.7835332555569631
Wikitext,25600,3,4,0.8669657865461119
Wikitext,51200,3,4,0.9801278470897185
Wikitext,102400,3,4,1.0120851976624936
Wikitext,204800,3,4,0.9770262076493922
Wikitext,3200,3,5,0.6002908011386568
Wikitext,6400,3,5,0.7048325048996491
Wikitext,12800,3,5,0.7874157234832716
Wikitext,25600,3,5,0.8870889873394023
Wikitext,51200,3,5,0.9994507286041772
Wikitext,102400,3,5,0.9907229520230586
Wikitext,204800,3,5,0.9829323131272713
Wikitext,3200,4,1,0.5836691458148346
Wikitext,6400,4,1,0.6812830639703116
Wikitext,12800,4,1,0.7886114274070387
Wikitext,25600,4,1,0.9210295195782144
Wikitext,51200,4,1,0.9759185293379736
Wikitext,102400,4,1,0.9757660649799432
Wikitext,204800,4,1,0.9736518934988028
Wikitext,3200,4,2,0.5572239636146091
Wikitext,6400,4,2,0.6959666935790123
Wikitext,12800,4,2,0.8365327034190853
Wikitext,25600,4,2,0.8809284730602929
Wikitext,51200,4,2,0.9711505101278844
Wikitext,102400,4,2,0.9777434878947084
Wikitext,204800,4,2,0.971892536672809
Wikitext,3200,4,3,0.5757317299208737
Wikitext,6400,4,3,0.703330961788874
Wikitext,12800,4,3,0.7647349768062013
Wikitext,25600,4,3,0.8484905348847813
Wikitext,51200,4,3,0.9818066272883594
Wikitext,102400,4,3,0.9781999175591513
Wikitext,204800,4,3,1.0173579060334077
Wikitext,3200,4,4,0.627625922296543
Wikitext,6400,4,4,0.6753326724799874
Wikitext,12800,4,4,0.7738753938946362
Wikitext,25600,4,4,0.8193713692924638
Wikitext,51200,4,4,0.9050332736059348
Wikitext,102400,4,4,0.979281163680896
Wikitext,204800,4,4,0.99094183294579
Wikitext,3200,4,5,0.593467999648993
Wikitext,6400,4,5,0.7005547671531711
Wikitext,12800,4,5,0.7695613221479487
Wikitext,25600,4,5,0.8055383670040128
Wikitext,51200,4,5,0.8945979765483157
Wikitext,102400,4,5,0.9775006521106504
Wikitext,204800,4,5,0.9983921270948504
Wikitext,3200,5,1,0.5218276313721996
Wikitext,6400,5,1,0.6531523933910275
Wikitext,12800,5,1,0.7673710502337414
Wikitext,25600,5,1,0.872294138475288
Wikitext,51200,5,1,0.9468362210870854
Wikitext,102400,5,1,0.983961329793712
Wikitext,204800,5,1,0.9986532760159428
Wikitext,3200,5,2,0.5521198484485058
Wikitext,6400,5,2,0.6835843180529252
Wikitext,12800,5,2,0.7544130710615641
Wikitext,25600,5,2,0.8953007525905781
Wikitext,51200,5,2,0.946453569049903
Wikitext,102400,5,2,0.964212628287574
Wikitext,204800,5,2,0.9885476008865344
Wikitext,3200,5,3,0.5674585696097038
Wikitext,6400,5,3,0.668043030264393
Wikitext,12800,5,3,0.7399106942483585
Wikitext,25600,5,3,0.8328681740698326
Wikitext,51200,5,3,0.9072170060995736
Wikitext,102400,5,3,0.967510196422992
Wikitext,204800,5,3,0.9693927649508972
Wikitext,3200,5,4,0.5231326062009337
Wikitext,6400,5,4,0.6432153334796495
Wikitext,12800,5,4,0.7757513892066891
Wikitext,25600,5,4,0.8399647545434247
Wikitext,51200,5,4,0.9126170744638036
Wikitext,102400,5,4,0.974298045829092
Wikitext,204800,5,4,1.0062267526372504
Wikitext,3200,5,5,0.5287578400043206
Wikitext,6400,5,5,0.6404144029120686
Wikitext,12800,5,5,0.7591140596535121
Wikitext,25600,5,5,0.8323651089844418
Wikitext,51200,5,5,0.8842164258814142
Wikitext,102400,5,5,0.8995434892901077
Wikitext,204800,5,5,0.9603276600103412
